INSERT INTO `resp` values(NULL, ';hache;',';zeta;',';uve doble;',';equis;',';eñe;',';4;',';1;"');"
INSERT INTO `resp` values(NULL, ';criou as Companhias de Comércio;',';aboliu a taxação do ouro no Brasil;',';proibiu a instituição da Derrama;',';perseguiu os “cristãos novos”;',';foi um grande rei de Portugal;',';0;',';2;"');"
INSERT INTO `resp` values(NULL, ';socialista;',';fisiocrata;',';comunista;',';positivista;',';anarquista;',';1;',';3;"');"
INSERT INTO `resp` values(NULL, ';monárquico;',';autoritário;',';ditatorial;',';democrático;',';platônico;',';3;',';4;"');"
INSERT INTO `resp` values(NULL, ';Absolutismo iluminado;',';Despotismo esclarecido;',';Antigo Regime esclarecido;',';Monarquia iluminada;',';Nobreza esclarecida;',';1;',';5;"');"
INSERT INTO `resp` values(NULL, ';Terra entre mares;',';Terra seca;',';Terra entre rios;',';Terra fértil;',';Terra molhada;',';2;',';6;"');"
INSERT INTO `resp` values(NULL, ';catabolismo;',';fermentação láctica;',';anabolismo;',';fermentação alcoólica;',';quimiossíntese;',';2;',';7;"');"
INSERT INTO `resp` values(NULL, ';12 s;',';24 s;',';11 s;',';14 s;',';20 s;',';1;',';8;"');"
INSERT INTO `resp` values(NULL, ';como juridicamente confiáveis;',';como juridicamente leais;',';como juridicamente normais;',';como juridicamente diferentes;',';como juridicamente iguais;',';4;',';9;"');"
INSERT INTO `resp` values(NULL, ';a temperatura da Terra era muito baixa.;',';a temperatura da Terra era muito alta.;',';muitos asteroides colidiam na Terra.;',';muitos asteroides colidiam na Terra.;',';Os gases e as partículas liberados pelos vulcões ficavam retidos na atmosfera.;',';0;',';10;"');"
INSERT INTO `resp` values(NULL, ';Esposa;',';Noiva;',';Filha;',';Cunhada;',';Criança;',';1;',';11;"');"
INSERT INTO `resp` values(NULL, ';Tese;',';Antítese;',';Síntese;',';Ironia;',';Sensível;',';2;',';12;"');"
INSERT INTO `resp` values(NULL, ';Stuart;',';Tudor;',';Lancaster;',';York;',';Windsor;',';1;',';13;"');"
INSERT INTO `resp` values(NULL, ';Bélgica.;',';Brasil.;',';Alemanha.;',';Itália.;',';Espanha.;',';1;',';14;"');"
INSERT INTO `resp` values(NULL, ';very smart two;',';two very smart;',';very two smart;',';some very two smart;',';some smart very two;',';1;',';15;"');"
INSERT INTO `resp` values(NULL, ';done.;',';did.;',';does.;',';doed.;',';did do.;',';1;',';16;"');"
INSERT INTO `resp` values(NULL, ';Reino Unido;',';França;',';Alemanha;',';EUA;',';URSS;',';3;',';17;"');"
INSERT INTO `resp` values(NULL, ';a descamação.;',';a perda excessiva de água.;',';a falta de elasticidade.;',';a deficiência na produção de melanina.;',';que a pele se rasgue quando esticada;',';1;',';18;"');"
INSERT INTO `resp` values(NULL, ';estar;',';ir;',';imaginar;',';pensar;',';andar;',';1;',';19;"');"
INSERT INTO `resp` values(NULL, ';a política dos cercamentos;',';a instituição do Bill of Rights;',';o lançamento do Ato de Navegação;',';a vitória contra a França, na Guerra dos Cem Anos;',';a restauração da monarquia, com Carlos II;',';2;',';20;"');"
INSERT INTO `resp` values(NULL, ';Carbono;',';Hidrogênio;',';Nitrogênio;',';Fósforo;',';Silício;',';4;',';21;"');"
INSERT INTO `resp` values(NULL, ';França;',';Inglaterra;',';Espanha;',';Portugal;',';Alemanha;',';3;',';22;"');"
INSERT INTO `resp` values(NULL, ';Anais da História Econômica e Social.;',';Periódico Francês Anti-positivista.;',';Anais da História Anti-positivista.;',';Revista da História Anti-positivista.;',';Revista de História Econômica.;',';0;',';23;"');"
INSERT INTO `resp` values(NULL, ';ontem.;',';hoje cedo.;',';amanhã.;',';antes de ontem.;',';ontem à noite.;',';3;',';24;"');"
INSERT INTO `resp` values(NULL, ';parasitismo.;',';mutualismo.;',';predação.;',';sociedade.;',';epifitismo.;',';2;',';25;"');"
INSERT INTO `resp` values(NULL, ';Bruces fingerprints;',';Bruces’s fingerprints;',';Bruce’s fingerprints;',';Bruces fingerprints’;',';Bruce fingerprint’s;',';2;',';26;"');"
INSERT INTO `resp` values(NULL, ';Luz;',';Solar;',';Escola;',';Riso;',';Fala;',';3;',';27;"');"
INSERT INTO `resp` values(NULL, ';ao se aquecer as águas dos rios para aumentar a velocidade da decomposição.;',';realizar o tratamento do esgoto antes do despejo nos rios e lagoas.;',';ao se adicionar bactérias anaeróbicas às águas dos rios, já que elas sobrevivem sem oxigênio.;',';substituindo-se produtos não degradáveis por biodegradáveis.;',';diluindo-se o esgoto antes do seu despejo.;',';1;',';28;"');"
INSERT INTO `resp` values(NULL, ';Com o novo e tecnológico.;',';Com o tradicional e acadêmico.;',';Com o inovador e surpreendente.;',';Com o preconceito e a felicidade.;',';Com o claro e o escuro.;',';1;',';29;"');"
INSERT INTO `resp` values(NULL, ';more warm than;',';the most warm;',';the warmest;',';the least warmest;',';warmer than;',';2;',';30;"');"
INSERT INTO `resp` values(NULL, ';Por meio da exclusão das cores.;',';Por meio de combinações entre as cores primárias.;',';Por meio de combinações entre as cores terciárias.;',';Por meio da adição da cor preta.;',';Por meio da subtração da cor branca.;',';1;',';31;"');"
INSERT INTO `resp` values(NULL, ';Bald;',';Young;',';Old;',';Red;',';Smart;',';0;',';32;"');"
INSERT INTO `resp` values(NULL, ';Revistas.;',';Celular.;',';Televisão.;',';Jornais.;',';Biscoito.;',';4;',';33;"');"
INSERT INTO `resp` values(NULL, ';conhecer a si mesmo;',';questionar os sofistas;',';concordar com os sofistas;',';possuir dinheiro;',';garantir a democracia;',';0;',';34;"');"
INSERT INTO `resp` values(NULL, ';Carlos I;',';Henrique IV;',';Henrique III;',';Jaime I;',';Jaime II;',';3;',';35;"');"
INSERT INTO `resp` values(NULL, ';amensalismo.;',';comensalismo.;',';predação.;',';mutualismo.;',';competição.;',';2;',';36;"');"
INSERT INTO `resp` values(NULL, ';família;',';felicidade;',';figo;',';foca;',';fogão;',';1;',';37;"');"
INSERT INTO `resp` values(NULL, ';vitaminose.;',';hipervitaminose.;',';hipovitaminose.;',';megavitaminose.;',';supervitaminose.;',';2;',';38;"');"
INSERT INTO `resp` values(NULL, ';Elizabeth I;',';Luís XIV;',';Joana I Grey;',';Alexandre II;',';Henrique VIII;',';4;',';39;"');"
INSERT INTO `resp` values(NULL, ';Mussolini;',';Adolf Hitler;',';Otto Von Bismark;',';Guilherme II;',';Alexandre I;',';2;',';40;"');"
INSERT INTO `resp` values(NULL, ';vitaminas, carboidratos e lipídios.;',';sais minerais, água e lipídios.;',';água, vitaminas e sais minerais.;',';água, carboidratos e vitaminas.;',';sais minerais, carboidratos e água.;',';2;',';41;"');"
INSERT INTO `resp` values(NULL, ';silver old beautiful;',';beautiful silver old;',';beautiful old silver;',';silver beautiful old;',';old beautiful silver;',';2;',';42;"');"
INSERT INTO `resp` values(NULL, ';the most exciting;',';more exciting;',';the more exciting;',';most exciting;',';most exciting than;',';0;',';43;"');"
INSERT INTO `resp` values(NULL, ';as formas.;',';os sons.;',';as paisagens.;',';as pessoas.;',';as cores.;',';4;',';44;"');"
INSERT INTO `resp` values(NULL, ';aves.;',';algas.;',';peixes.;',';insetos.;',';camarões.;',';0;',';45;"');"
INSERT INTO `resp` values(NULL, ';documentário.;',';pintura.;',';filme.;',';música.;',';dança.;',';2;',';46;"');"
INSERT INTO `resp` values(NULL, ';Semana de Arte Moderna;',';Ditadura civil-militar;',';Catequese dos povos indígenas;',';Colonização de São Paulo;',';Construção de igrejas;',';0;',';47;"');"
INSERT INTO `resp` values(NULL, ';Cruzadas;',';Guerra dos Cem Anos;',';Guerra de Reconquista;',';Guerra das Duas Rosas;',';Conquista de Granada;',';0;',';48;"');"
INSERT INTO `resp` values(NULL, ';ao invés de.;',';apesar de.;',';entretanto.;',';além de.;',';assim como.;',';1;',';49;"');"
INSERT INTO `resp` values(NULL, ';along;',';between;',';among;',';in front of;',';above;',';3;',';50;"');"
INSERT INTO `resp` values(NULL, ';abandonar formas de pensar construídas pelo senso comum;',';admitir ignorância política;',';promover uma sequência de observação;',';defender a continuidade do pensamento mitológico;',';compreender o conhecimento formulado pelo senso comum;',';0;',';51;"');"
INSERT INTO `resp` values(NULL, ';This pen is mine.;',';Those cars are theirs.;',';That is hers bag.;',';This money is ours.;',';My name is the same as hers.;',';2;',';52;"');"
INSERT INTO `resp` values(NULL, ';A herança cultural pré-colombiana.;',';A religiosidade católica.;',';O ideal de beleza grego.;',';A abstração.;',';O delírio.;',';0;',';53;"');"
INSERT INTO `resp` values(NULL, ';América;',';Ásia.;',';Europa.;',';Oceania.;',';África.;',';4;',';54;"');"
INSERT INTO `resp` values(NULL, ';colônia e sociedade.;',';competição e canibalismo.;',';mutualismo e protocooperação.;',';epifitismo e sociedade.;',';parasitismo e colônia.;',';1;',';55;"');"
INSERT INTO `resp` values(NULL, ';happier as.;',';happier than.;',';happy than.;',';happy as.;',';less happy than.;',';1;',';56;"');"
INSERT INTO `resp` values(NULL, ';verão – outono.;',';inverno – verão.;',';inverno – outono.;',';verão – inverno.;',';primavera – outono.;',';3;',';57;"');"
INSERT INTO `resp` values(NULL, ';científicos.;',';alimentícios.;',';utilitários.;',';gastronômicos.;',';estéticos.;',';2;',';58;"');"
INSERT INTO `resp` values(NULL, ';Lo bueno de la vida es viajar.;',';Necesito de un tiempo para pensar.;',';Las cosas no están buenas.;',';Un día voy a Paris.;',';Compré unos vestidos.;',';1;',';59;"');"
INSERT INTO `resp` values(NULL, ';Para algumas correntes da geografia, pode ser entendido(a) como uma classe de área, que pode apresentar grande uniformidade interna e grandes diferenças quando comparada a outras áreas.;',';As relações de poder construídas e estabelecidas são determinantes para a sua definição e delimitação.;',';É, numa determinada porção do espaço, o resultado da combinação dinâmica, portanto instável, de elementos físicos, biológicos e antrópicos que, reagindo dialeticamente, uns sobre os outros, fazem da paisagem um conjunto indissociável, em perpétua evolução.;',';É marcado(a) pelas relações de consenso, conflito, dominação e resistência, onde se cria identidade e onde se vive.;',';Conjunto indissociável de sistemas de objetos e sistemas de ações, que procura revelar as práticas sociais dos diferentes grupos.;',';1;',';60;"');"
INSERT INTO `resp` values(NULL, ';que não precisam de refrigeração.;',';que podem causar infecções.;',';sujeitos a estragar com rapidez se não forem empregados processos suplementares para a sua conservação.;',';que não necessitam de processos especiais para conservação.;',';requeridos em grandes quantidades diariamente.;',';2;',';61;"');"
INSERT INTO `resp` values(NULL, ';escultores.;',';dançarinos.;',';pintores.;',';dramaturgos.;',';escritores.;',';2;',';62;"');"
INSERT INTO `resp` values(NULL, ';parceria;',';união;',';confronto;',';solidariedade;',';dependência;',';0;',';63;"');"
INSERT INTO `resp` values(NULL, ';Natal.;',';Novela.;',';Nuvem.;',';Neve.;',';Madeira.;',';4;',';64;"');"
INSERT INTO `resp` values(NULL, ';more intelligenter;',';intelligenter as;',';intelligent as;',';more intelligent than;',';more intelligent;',';3;',';65;"');"
INSERT INTO `resp` values(NULL, ';Fuese;',';Esté;',';Sabe;',';Quisiera;',';Sepa;',';2;',';66;"');"
INSERT INTO `resp` values(NULL, ';Duas consoantes.;',';Uma consoante.;',';Três consoantes.;',';Sete consoantes.;',';Nenhuma consoante.;',';2;',';67;"');"
INSERT INTO `resp` values(NULL, ';Inglaterra.;',';Espanha.;',';França.;',';Brasil.;',';Estados Unidos.;',';2;',';68;"');"
INSERT INTO `resp` values(NULL, ';ahí – hoy – ayer;',';muy – probablemente – despacio;',';claro – quizá – tal vez;',';ahora – anteanoche – aún;',';hoy – luego – tampoco;',';3;',';69;"');"
INSERT INTO `resp` values(NULL, ';Hobbes;',';Galileu;',';Sócrates;',';Bauman;',';Descartes;',';3;',';70;"');"
INSERT INTO `resp` values(NULL, ';Dança.;',';Música.;',';Literatura.;',';Pintura.;',';Escultura.;',';2;',';71;"');"
INSERT INTO `resp` values(NULL, ';cascavel;',';tartaruga;',';rã;',';barata;',';alga;',';4;',';72;"');"
INSERT INTO `resp` values(NULL, ';Pássaros.;',';Flores.;',';Bailarinas.;',';Paisagens.;',';Animais.;',';2;',';73;"');"
INSERT INTO `resp` values(NULL, ';Marx;',';Comte;',';Proudhon;',';Saint-Simon;',';Bakunin;',';2;',';74;"');"
INSERT INTO `resp` values(NULL, ';Possuem carioteca;',';Não possuem carioteca;',';Não possuem membrana;',';Possuem apenas citoplasma;',';Não possuem citoplasma;',';0;',';75;"');"
INSERT INTO `resp` values(NULL, ';a classe;',';a ordem;',';a família;',';o reino;',';o gênero;',';0;',';76;"');"
INSERT INTO `resp` values(NULL, ';debemos;',';debemos;',';debíamos;',';debiésemos;',';debiesen;',';1;',';77;"');"
INSERT INTO `resp` values(NULL, ';Augusto Comte;',';Karl Marx;',';Friedrich Hegel;',';Friedrich Engels;',';René Descartes;',';0;',';78;"');"
INSERT INTO `resp` values(NULL, ';Registraram os momentos e mudanças ocorridos no Brasil.;',';Trouxeram novos movimentos artísticos para o Brasil, como o Rococó.;',';Sabiam que queriam voltar logo para casa.;',';Estenderam seus ensinamentos para a área da saúde também.;',';Buscaram se aproximar de novos movimentos religiosos.;',';0;',';79;"');"
INSERT INTO `resp` values(NULL, ';more short than;',';shorter than;',';the most short;',';the shortest;',';shortest than;',';3;',';80;"');"
INSERT INTO `resp` values(NULL, ';as decisões tomadas em público;',';ao conhecimento relativo;',';ao pensamento concreto;',';a defesa dos mitos;',';a valorização da natureza;',';1;',';81;"');"
INSERT INTO `resp` values(NULL, ';artistas famosos.;',';artistas anônimos.;',';artistas da TV.;',';artistas da vanguarda.;',';artistas emergentes.;',';1;',';82;"');"
INSERT INTO `resp` values(NULL, ';Imamanuel Kant e Karl Marx;',';Karl Marx e Friedrich Engels;',';Friedrich Engels e Carl Grünberg;',';Carl Grünberg e Friedrich Nietzsche;',';a)    Friedrich Nietzsche e Theodor Adorno;',';1;',';83;"');"
INSERT INTO `resp` values(NULL, ';mine;',';my;',';hers;',';theirs;',';ours;',';1;',';84;"');"
INSERT INTO `resp` values(NULL, ';Carlos II buscava favorecer os católicos;',';o Parlamento foi favorável, pois era formado por católicos;',';o rei foi contra, pois era puritano;',';o rei e o Parlamento eram favoráveis;',';era uma maneira de o rei favorecer os puritanos;',';0;',';85;"');"
INSERT INTO `resp` values(NULL, ';M;',';m;',';L;',';G;',';F;',';1;',';86;"');"
INSERT INTO `resp` values(NULL, ';more helpful;',';helpful;',';helpfuler;',';more helpfuler;',';the helpfulest;',';0;',';87;"');"
INSERT INTO `resp` values(NULL, ';o Japão teve de conceder o controle sobre a Coreia para a Rússia;',';o Japão reconhece a vitória da Rússia na guerra entre ambas;',';o governo russo teve que reconhecer a soberania japonesa na Coreia;',';ambos os países em guerra tiveram de reconhecer a independência da Coreia;',';Japão e Rússia se submetiam ao Império Chinês;',';2;',';88;"');"
INSERT INTO `resp` values(NULL, ';Os bandeirantes.;',';A família real.;',';Os jesuítas.;',';A corte.;',';Os índios pré-colombianos.;',';2;',';89;"');"
INSERT INTO `resp` values(NULL, ';coesão social;',';solidariedade mecânica;',';solidariedade orgânica;',';luta de classes;',';anomia social;',';3;',';90;"');"
INSERT INTO `resp` values(NULL, ';Amoritas;',';Assírios;',';Hicsos;',';Caldeus;',';Acádios;',';4;',';91;"');"
INSERT INTO `resp` values(NULL, ';leguminosas.;',';hortaliças.;',';carnes vermelhas.;',';água.;',';frutos do mar.;',';3;',';92;"');"
INSERT INTO `resp` values(NULL, ';Paz Armada;',';Guerra de Trincheiras;',';Guerra de Movimento;',';Guerra Fria;',';Guerra Relâmpago;',';2;',';93;"');"
INSERT INTO `resp` values(NULL, ';as longest as;',';not so long as;',';longest as;',';longer as;',';as long than;',';1;',';94;"');"
INSERT INTO `resp` values(NULL, ';little cute cottage;',';cute little cottage;',';cottage little cute;',';cottage cute little;',';little cottage cute;',';1;',';95;"');"
INSERT INTO `resp` values(NULL, ';A revolução mexicana e as vanguardas europeias.;',';Os movimentos sociais dos Estados Unidos.;',';A arte africana.;',';Os estudos de psicanálise de Freud.;',';A Segunda Guerra Mundial.;',';0;',';96;"');"
INSERT INTO `resp` values(NULL, ';Orar.;',';Cultivar.;',';Apreciar.;',';Brincar.;',';Completar.;',';1;',';97;"');"
INSERT INTO `resp` values(NULL, ';auxiliar a produção de energia.;',';defender o corpo contra ameaças.;',';formar uma reserva de energia.;',';regular a digestão.;',';compor ossos e dentes, além de atuar na atividade dos músculos.;',';4;',';98;"');"
INSERT INTO `resp` values(NULL, ';surgisse a fotografia.;',';a arte se mantivesse no passado.;',';os artistas se revoltassem contra a ciência.;',';as pessoas parassem de fazer arte.;',';a sociedade negasse a pintura.;',';0;',';99;"');"
INSERT INTO `resp` values(NULL, ';Primitivo;',';Capitalista;',';Escravista;',';Feudalista;',';Comunista;',';1;',';100;"');"
INSERT INTO `resp` values(NULL, ';da psicologia freudiana;',';da realidade virtual ao seu redor;',';da função na sociedade;',';do grau de evolução das sociedades;',';da estrutura que está inserido;',';4;',';101;"');"
INSERT INTO `resp` values(NULL, ';Deus no centro do universo;',';a Igreja no centro do universo;',';o homem no centro do universo;',';o rei no centro do universo;',';a Bíblia no centro do universo;',';0;',';102;"');"
INSERT INTO `resp` values(NULL, ';Shakespeare.;',';Jaime.;',';Stuart.;',';Rafael.;',';Molière.;',';4;',';103;"');"
INSERT INTO `resp` values(NULL, ';anomia social;',';materialismo histórico;',';solidariedade social;',';ação social;',';fato social;',';0;',';104;"');"
INSERT INTO `resp` values(NULL, ';Cangaço;',';Esquadrão Prestes;',';Coluna Prestes;',';Coluna Luís Carlos;',';Pelotão dos Tenentes;',';2;',';105;"');"
INSERT INTO `resp` values(NULL, ';navio.;',';trem.;',';bicicleta.;',';barco.;',';metrô.;',';0;',';106;"');"
INSERT INTO `resp` values(NULL, ';no estômago.;',';no intestino delgado.;',';na faringe.;',';no intestino grosso.;',';no fígado.;',';3;',';107;"');"
INSERT INTO `resp` values(NULL, ';Marechal Hermes da Fonseca;',';Marechal Deodoro da Fonseca;',';Marechal Floriano Peixoto;',';Marechal Rondon;',';Luís Carlos Prestes;',';2;',';108;"');"
INSERT INTO `resp` values(NULL, ';Émile Durkheim;',';Auguste Comte;',';Arthur Schopenhauer;',';Immanuel Kant;',';David Hume;',';2;',';109;"');"
INSERT INTO `resp` values(NULL, ';the most long;',';the longest;',';longest;',';longest than;',';longer;',';1;',';110;"');"
INSERT INTO `resp` values(NULL, ';translação.;',';nidação.;',';compactação.;',';rotação.;',';tradução.;',';0;',';111;"');"
INSERT INTO `resp` values(NULL, ';vivas;',';haces;',';comáis;',';quisieran;',';sentía;',';1;',';112;"');"
INSERT INTO `resp` values(NULL, ';antropologia e biologia;',';ciência política e biologia;',';antropologia e ciência política;',';antropologia e economia;',';economia e biologia;',';2;',';113;"');"
INSERT INTO `resp` values(NULL, ';buscarem uma harmonia perfeita;',';idealizarem uma sociedade desigual;',';refletirem sem base intelectual;',';formarem um grupo de estudos coeso;',';residirem na cidade de utopia;',';0;',';114;"');"
INSERT INTO `resp` values(NULL, ';Lei da identidade;',';Lei da lógica;',';Lei política;',';Lei da não-contradição;',';Lei dos três estados;',';4;',';115;"');"
INSERT INTO `resp` values(NULL, ';Lo que sabemos hacer;',';Lo que podemos hacer;',';Cualidades inherentes;',';Característica menos permanente;',';Cualidad adquirida;',';4;',';116;"');"
INSERT INTO `resp` values(NULL, ';blásticos.;',';diblásticos.;',';triblásticos.;',';quadriblásticos.;',';pentablásticos.;',';2;',';117;"');"
INSERT INTO `resp` values(NULL, ';What;',';Where;',';When;',';How;',';Why;',';3;',';118;"');"
INSERT INTO `resp` values(NULL, ';When;',';Where;',';What;',';How;',';Who;',';2;',';119;"');"
INSERT INTO `resp` values(NULL, ';perspectiva.;',';hachura.;',';chiaroscuro.;',';aquarela.;',';têmpera.;',';2;',';120;"');"
INSERT INTO `resp` values(NULL, ';bactéria;',';pitangueira;',';craca;',';tamanduá;',';jiboia;',';0;',';121;"');"
INSERT INTO `resp` values(NULL, ';Roupas.;',';Máscaras;',';Paisagens.;',';Animais.;',';Pessoas.;',';1;',';122;"');"
INSERT INTO `resp` values(NULL, ';espiritualismo histórico dialético;',';materialismo histórico dialético;',';positivismo histórico dialético;',';criticismo histórico dialético;',';realismo histórico dialético;',';1;',';123;"');"
INSERT INTO `resp` values(NULL, ';Genro;',';Nora;',';Enteado;',';Filhos;',';Pai;',';3;',';124;"');"
INSERT INTO `resp` values(NULL, ';igual;',';menor;',';maior;',';melhor;',';pior;',';2;',';125;"');"
INSERT INTO `resp` values(NULL, ';continuidade total;',';ruptura parcial;',';ruptura total;',';imparcialidade;',';continuidade parcial;',';2;',';126;"');"
INSERT INTO `resp` values(NULL, ';Um tradutor.;',';Um pintor.;',';Um gravurista.;',';Um dançarino.;',';Um dramaturgo.;',';1;',';127;"');"
INSERT INTO `resp` values(NULL, ';Revolta da Armada;',';Revolta da Chibata;',';Revolta da Vacina;',';Revolta dos Malês;',';Inconfidência Mineira;',';1;',';128;"');"
INSERT INTO `resp` values(NULL, ';stepbrother.;',';stepmother.;',';stepsister.;',';wife.;',';groom.;',';2;',';129;"');"
INSERT INTO `resp` values(NULL, ';of;',';from;',';to;',';in;',';at;',';3;',';130;"');"
INSERT INTO `resp` values(NULL, ';mesmo epíteto específico;',';mesmo gênero;',';mesmo gênero e epíteto específico;',';família diferente;',';reino diferente;',';1;',';131;"');"
INSERT INTO `resp` values(NULL, ';352 dias, 6 horas e 48 minutos.;',';365 dias, 6 horas e 48 minutos.;',';266 dias, 4 horas e 48 minutos.;',';127 dias, 6 horas e 58 minutos.;',';326 dias, 6 horas e 48 minutos.;',';1;',';132;"');"
INSERT INTO `resp` values(NULL, ';Adaptações;',';Inadaptação;',';Inconsciente;',';Medos;',';Fisicamente;',';0;',';133;"');"
INSERT INTO `resp` values(NULL, ';the hottest.;',';hotier.;',';hotter than.;',';hot than.;',';as hot as.;',';2;',';134;"');"
INSERT INTO `resp` values(NULL, ';relativiza o conhecimento;',';valoriza a democracia;',';introduz uma nova maneira de pensar;',';defende o pensamento dos sofistas;',';entra em conflito com Platão;',';2;',';135;"');"
INSERT INTO `resp` values(NULL, ';óleos e manteigas.;',';água e vitaminas.;',';vitaminas e óleos.;',';pães e massas.;',';pães e óleos.;',';3;',';136;"');"
INSERT INTO `resp` values(NULL, ';Revolução Francesa;',';Revolução Russa;',';Revolução Mexicana;',';Revolução Iraniana;',';Revolução Gloriosa;',';1;',';137;"');"
INSERT INTO `resp` values(NULL, ';noção de regresso;',';dependência econômica;',';ilusão;',';razão;',';religião;',';3;',';138;"');"
INSERT INTO `resp` values(NULL, ';o colonialismo;',';a Revolução Industrial;',';a Revolução Inglesa;',';a Revolução Francesa;',';a R\evolução Russa;',';1;',';139;"');"
INSERT INTO `resp` values(NULL, ';a vontade de cada um.;',';o contexto social.;',';as leis.;',';as ordens.;',';as paisagens.;',';1;',';140;"');"
INSERT INTO `resp` values(NULL, ';dos consumidores primários.;',';consumidores secundários.;',';produtores.;',';consumidores terciários.;',';decompositores.;',';2;',';141;"');"
INSERT INTO `resp` values(NULL, ';parasitismo.;',';inquilinismo.;',';amensalismo.;',';epifitismo.;',';canibalismo.;',';0;',';142;"');"
INSERT INTO `resp` values(NULL, ';ironia;',';indagação;',';indução;',';exortação;',';maiêutica;',';3;',';143;"');"
INSERT INTO `resp` values(NULL, ';estômago.;',';esôfago.;',';intestino grosso.;',';faringe.;',';intestino delgado.;',';2;',';144;"');"
INSERT INTO `resp` values(NULL, ';least interesting;',';less interesting;',';as interestinger as;',';less interesting than;',';interesting as;',';3;',';145;"');"
INSERT INTO `resp` values(NULL, ';their;',';his;',';its;',';her;',';my;',';3;',';146;"');"
INSERT INTO `resp` values(NULL, ';1986;',';1976;',';1966;',';1956;',';1946;',';4;',';147;"');"
INSERT INTO `resp` values(NULL, ';14 de dezembro.;',';20 de dezembro.;',';21 de dezembro.;',';22 de dezembro.;',';23 de dezembro.;',';2;',';148;"');"
INSERT INTO `resp` values(NULL, ';a tradição.;',';o antigo.;',';o moralismo.;',';as máquinas.;',';a lentidão.;',';3;',';149;"');"
INSERT INTO `resp` values(NULL, ';polipeptídio.;',';multipeptídeo.;',';dipeptídeo.;',';tripeptídeo.;',';pentapeptídeo.;',';0;',';150;"');"
INSERT INTO `resp` values(NULL, ';Boné;',';Beber;',';Batida;',';Tempo;',';Beto;',';3;',';151;"');"
INSERT INTO `resp` values(NULL, ';woman’s boyfriend’s;',';womans’ boyfriends;',';women’s boyfriends;',';womens’ boyfriend’s;',';womens boyfriends’;',';2;',';152;"');"
INSERT INTO `resp` values(NULL, ';22 cromossomos;',';24 cromossomos;',';42 cromossomos;',';46 cromossomos;',';21 cromossomos;',';3;',';153;"');"
INSERT INTO `resp` values(NULL, ';hers;',';mine;',';yours;',';her;',';theirs;',';3;',';154;"');"
INSERT INTO `resp` values(NULL, ';logos;',';cosmo;',';arché;',';mythos;',';physis;',';2;',';155;"');"
INSERT INTO `resp` values(NULL, ';capitalismo;',';socialismo;',';comunismo;',';mercantilismo;',';anarquismo;',';3;',';156;"');"
INSERT INTO `resp` values(NULL, ';Colher;',';Centro;',';Casa;',';Encolher;',';Bem;',';4;',';157;"');"
INSERT INTO `resp` values(NULL, ';Bramante.;',';Botticelli.;',';Bernini.;',';Palladio.;',';Brunelleschi.;',';1;',';158;"');"
INSERT INTO `resp` values(NULL, ';cometas.;',';asteroides.;',';meteoros.;',';meteoritos.;',';fragmentos celestes.;',';1;',';159;"');"
INSERT INTO `resp` values(NULL, ';as popular than;',';not so popular as;',';popularer than;',';popular as;',';not popular;',';1;',';160;"');"
INSERT INTO `resp` values(NULL, ';observação;',';comparação;',';experimentação;',';hedonismo;',';empirismo;',';3;',';161;"');"
INSERT INTO `resp` values(NULL, ';Tratado de Versalhes;',';Tratado de Saint-Germain;',';Tratado de Neuilly;',';Tratado de Sèvres;',';Tratado de Trianon;',';0;',';162;"');"
INSERT INTO `resp` values(NULL, ';Razões históricas;',';Sementes históricas;',';Fontes históricas;',';Agentes históricos;',';Origens históricas;',';2;',';163;"');"
INSERT INTO `resp` values(NULL, ';Síntese;',';Antítese;',';Tese;',';Ironia;',';Maiêutica;',';0;',';164;"');"
INSERT INTO `resp` values(NULL, ';17,3 bilhões de anos.;',';13,7 bilhões de anos.;',';20,4 bilhões de anos.;',';10,7 bilhões de anos.;',';8, 3 bilhões de anos.;',';1;',';165;"');"
INSERT INTO `resp` values(NULL, ';Idealismo.;',';Academicismo.;',';Busca pela beleza ideal.;',';Busca pela beleza ideal.;',';Abstração.;',';3;',';166;"');"
INSERT INTO `resp` values(NULL, ';happier;',';happiest;',';the happier;',';happier than;',';the happiest;',';4;',';167;"');"
INSERT INTO `resp` values(NULL, ';the coldest;',';coldest;',';colder;',';the colder;',';the coldest than;',';0;',';168;"');"
INSERT INTO `resp` values(NULL, ';to;',';in;',';at;',';on;',';for;',';0;',';169;"');"
INSERT INTO `resp` values(NULL, ';liberdade de expressão;',';direito de ir e vir;',';acesso a propriedade privada;',';direito à liberdade individual;',';direito ao voto;',';4;',';170;"');"
INSERT INTO `resp` values(NULL, ';Lugar onde os limites territoriais ainda são questionáveis, ou onde há áreas que sofrem arbitrariedade de países fronteiriços.;',';Lugar onde os limites territoriais são conhecidos por todos os países, internacionalmente.;',';Neste tipo de fronteira não há uma definição exata que separe os dois territórios.;',';Linha convencional que marca os confins de um Estado, marcam a soberania de um país.;',';Corresponde a divisão entre uma unidade territorial e outra, geralmente entre dois países.;',';1;',';171;"');"
INSERT INTO `resp` values(NULL, ';La madre de tu novia está aquí.;',';Miguel no fue aprobado.;',';No aguanto más estar lejos de ti.;',';Nos vemos en algunos días.;',';Necesito de unos calcetines nuevos.;',';4;',';172;"');"
INSERT INTO `resp` values(NULL, ';A velocidade.;',';A verticalidade.;',';A fotografia.;',';O excesso de cores.;',';O excesso de fantasia.;',';1;',';173;"');"
INSERT INTO `resp` values(NULL, ';1845.;',';1823.;',';1825.;',';1821.;',';1897.;',';3;',';174;"');"
INSERT INTO `resp` values(NULL, ';casamento civil igualitário;',';direito a vida política;',';direito ao divórcio;',';direito à educação igualitária;',';acesso ao mercado de trabalho;',';0;',';175;"');"
INSERT INTO `resp` values(NULL, ';C;',';B;',';T;',';A;',';S;',';3;',';176;"');"
INSERT INTO `resp` values(NULL, ';Miércoles;',';Jueves;',';Martes;',';Viernes;',';Lunes;',';2;',';177;"');"
INSERT INTO `resp` values(NULL, ';legislativo, presidencialista e judiciário;',';executivo, eleitoral e legislativo;',';monárquico, executivo e judiciário;',';monárquico, eleitoral e presidencialista;',';legislativo, executivo e judiciário;',';4;',';178;"');"
INSERT INTO `resp` values(NULL, ';nutrientes.;',';alimentícios.;',';nutrimentos.;',';alimentares.;',';numarentes.;',';0;',';179;"');"
INSERT INTO `resp` values(NULL, ';democracia inconstitucional;',';democracia autoritária;',';democracia direta;',';democracia cultural;',';democracia representativa;',';4;',';180;"');"
INSERT INTO `resp` values(NULL, ';feudalismo;',';absolutismo;',';parlamentarismo;',';socialismo;',';república;',';1;',';181;"');"
INSERT INTO `resp` values(NULL, ';Giotto.;',';Rafael Sanzio.;',';Leonardo da Vinci.;',';El Greco.;',';Giorgio Vasari.;',';2;',';182;"');"
INSERT INTO `resp` values(NULL, ';Região;',';Paisagem;',';Espaço;',';Lugar;',';Território;',';4;',';183;"');"
INSERT INTO `resp` values(NULL, ';competição.;',';protocooperação.;',';mutualismo.;',';amensalismo.;',';colônia.;',';4;',';184;"');"
INSERT INTO `resp` values(NULL, ';How;',';Where;',';When;',';Why;',';What;',';4;',';185;"');"
INSERT INTO `resp` values(NULL, ';mutualismo.;',';predação.;',';competição.;',';canibalismo.;',';epifitismo.;',';0;',';186;"');"
INSERT INTO `resp` values(NULL, ';See you later.;',';Bye.;',';What’s up?;',';Good night.;',';Goodbye.;',';2;',';187;"');"
INSERT INTO `resp` values(NULL, ';ocorrência da Revolução Socialista em território alemão;',';surgimento do Partido Nacional dos Trabalhadores Alemães (Partido Nazista);',';surgimento do Partido Integralista Alemão;',';retorno ao regime monárquico;',';guerra civil em território alemão;',';1;',';188;"');"
INSERT INTO `resp` values(NULL, ';Martinho Lutero;',';Agostinho de Hipona;',';São Tomás de Aquino;',';João Calvino;',';John Wesley;',';3;',';189;"');"
INSERT INTO `resp` values(NULL, ';A;',';B12;',';C;',';K;',';E;',';2;',';190;"');"
INSERT INTO `resp` values(NULL, ';Revolta da Armada;',';Revolta da Vacina;',';Guerra de Canudos;',';Revolução Federalista;',';Revolta de Beckman;',';2;',';191;"');"
INSERT INTO `resp` values(NULL, ';Todas as cores, ordenadas.;',';Nenhuma cor.;',';Elementos químicos.;',';Membros da família.;',';Participantes de um programa.;',';0;',';192;"');"
INSERT INTO `resp` values(NULL, ';forte;',';intensa;',';violenta;',';viva;',';frágil;',';4;',';193;"');"
INSERT INTO `resp` values(NULL, ';113° F;',';131° F;',';133° F;',';116° F;',';117° F;',';0;',';194;"');"
INSERT INTO `resp` values(NULL, ';vitaminas e água.;',';vitaminas e sais minerais.;',';sais minerais e carboidratos.;',';proteínas e sais minerais.;',';carboidratos e proteínas.;',';1;',';195;"');"
INSERT INTO `resp` values(NULL, ';lei dos cinco estados;',';lei dos quatro estados;',';lei dos três estados;',';lei dos dois estados;',';lei sem estados;',';2;',';196;"');"
INSERT INTO `resp` values(NULL, ';feudal;',';primitivo;',';asiático;',';escravista;',';capitalista;',';4;',';197;"');"
INSERT INTO `resp` values(NULL, ';A black big;',';A new big;',';A big black;',';A old big;',';An big black;',';2;',';198;"');"
INSERT INTO `resp` values(NULL, ';filósofo;',';sábio;',';amante;',';amigo;',';ativista;',';1;',';199;"');"
INSERT INTO `resp` values(NULL, ';1845.;',';1886.;',';1887.;',';1889.;',';1890.;',';3;',';200;"');"
INSERT INTO `resp` values(NULL, ';Who;',';Whom;',';How;',';Whose;',';When;',';3;',';201;"');"
INSERT INTO `resp` values(NULL, ';Belo Horizonte.;',';São Paulo.;',';Petrópolis.;',';Ubatuba.;',';Búzios.;',';2;',';202;"');"
INSERT INTO `resp` values(NULL, ';direito político;',';direito social;',';direito civil;',';direito cultural;',';direito cidadão;',';0;',';203;"');"
INSERT INTO `resp` values(NULL, ';F;',';f;',';G;',';P;',';L;',';0;',';204;"');"
INSERT INTO `resp` values(NULL, ';Marxismo;',';Socialismo;',';Humanismo;',';Escolástica;',';Contrarreforma;',';2;',';205;"');"
INSERT INTO `resp` values(NULL, ';Quanto mais chove, mais alaga a rua.;',';A pressa é a inimiga da refeição.;',';Os jovens caminham perdidos pelas ruas.;',';Muitos perderam o foco.;',';Acima de tudo, tenha fé!;',';1;',';206;"');"
INSERT INTO `resp` values(NULL, ';Revolta da Armada;',';Inconfidência Mineira;',';Revolta da Chibata;',';Conjuração Baiana;',';Revolução Farroupilha;',';2;',';207;"');"
INSERT INTO `resp` values(NULL, ';“Estrutura idealizada na qual podemos realizar uma observação de fenômenos físicos, e também descrevê-los e formular suas leis, podendo esta estrutura ser descrita abstratamente por um sistema de coordenadas espaciais e temporais.”;',';“É o percurso realizado por um determinado corpo no espaço, com base em um sistema de coordenadas”. Esse fragmento está relacionado a(ao).;',';É uma grandeza vetorial definida como variação de posição de um objeto, de um lugar pra o outro.;',';É a medida de separação entre dois pontos quaisquer.;',';Uma dada situação em que um objeto demonstra a mesma velocidade vetorial em relação a um referencial, em resumo, não modifica a distância em relação a um ponto referencial;',';1;',';208;"');"
INSERT INTO `resp` values(NULL, ';María está decidida a dejarnos.;',';Pangamos los abrigos.;',';Vamos a encontrarnos allá.;',';No podría ayudarte.;',';Deben de ser las ocho;',';2;',';209;"');"
INSERT INTO `resp` values(NULL, ';células adiposas;',';células tegumentares;',';células pavimentosas;',';células germinativas;',';células somáticas;',';4;',';210;"');"
INSERT INTO `resp` values(NULL, ';Biogênese;',';Gênese;',';Abiogênese;',';Criogênese;',';Panspermia;',';2;',';211;"');"
INSERT INTO `resp` values(NULL, ';Júpiter.;',';Vênus.;',';Saturno.;',';Urano.;',';Netuno.;',';1;',';212;"');"
INSERT INTO `resp` values(NULL, ';a invenção das ferrovias;',';descoberta da energia elétrica;',';expansão da industrialização para outros países europeus e para os EUA;',';industrialização apenas na Inglaterra;',';surgimento da engenharia genética;',';4;',';213;"');"
INSERT INTO `resp` values(NULL, ';umbra.;',';umbral.;',';penumbra.;',';penumbral.;',';eclipsa.;',';2;',';214;"');"
INSERT INTO `resp` values(NULL, ';habitual.;',';revestimento.;',';estrutural.;',';preenchimento.;',';isolante.;',';2;',';215;"');"
INSERT INTO `resp` values(NULL, ';heliocentrismo;',';geocentrismo;',';antropocentrismo;',';teocentrismo;',';humanismo;',';1;',';216;"');"
INSERT INTO `resp` values(NULL, ';Guilherme I;',';Alexandre II;',';Felipe IV;',';Guilherme II;',';Luís XVI;',';3;',';217;"');"
INSERT INTO `resp` values(NULL, ';manutenção do absolutismo monárquico;',';fortalecimento da influência do clero sobre a sociedade;',';fim do regime absolutista e dos privilégios feudais;',';expansão dos privilégios feudais para a classe burguesa;',';adoção do protestantismo em toda a Europa;',';2;',';218;"');"
INSERT INTO `resp` values(NULL, ';we;',';she;',';he;',';me;',';they;',';3;',';219;"');"
INSERT INTO `resp` values(NULL, ';os carboidratos complexos.;',';as vitaminas lipossolúveis.;',';as vitaminas hidrossolúveis.;',';os carboidratos simples.;',';as proteínas;',';3;',';220;"');"
INSERT INTO `resp` values(NULL, ';solidariedade mecânica;',';solidariedade irracional;',';solidariedade material;',';solidariedade espiritual;',';solidariedade orgânica;',';4;',';221;"');"
INSERT INTO `resp` values(NULL, ';Richard Hartshorne;',';Vidal de la Blache;',';Yi-Fu Tuan;',';Milton Santos;',';Frederic Ratzel;',';2;',';222;"');"
INSERT INTO `resp` values(NULL, ';careful;',';the most careful;',';the carefulest;',';the more careful;',';most careful;',';1;',';223;"');"
INSERT INTO `resp` values(NULL, ';Revolução Francesa;',';Unificação da Alemanha;',';Guerra de Secessão dos Estados Unidos;',';Guerra Russo-Japonesa de 1905;',';Batalha de Waterloo;',';1;',';224;"');"
INSERT INTO `resp` values(NULL, ';bigger;',';as big;',';as bigger than;',';more big;',';bigger than;',';4;',';225;"');"
INSERT INTO `resp` values(NULL, ';1980;',';1989;',';1990;',';1991;',';2001;',';1;',';226;"');"
INSERT INTO `resp` values(NULL, ';de dança.;',';escultórica.;',';caricatural.;',';teatral.;',';pictórica.;',';3;',';227;"');"
INSERT INTO `resp` values(NULL, ';Sócrates;',';Platão;',';Aristóteles;',';Pitágoras;',';Demócrito;',';1;',';228;"');"
INSERT INTO `resp` values(NULL, ';Habsburgo;',';Orléans;',';Valois;',';Romanov;',';Windsor;',';3;',';229;"');"
INSERT INTO `resp` values(NULL, ';the most horrible;',';the horriblest;',';the more horrible;',';more horrible than;',';most horriblest;',';0;',';230;"');"
INSERT INTO `resp` values(NULL, ';Alexis de Tocqueville.;',';Antonio Gramsci;',';John Stuart Mill;',';Robert Dahl;',';Gaetano Mosca;',';3;',';231;"');"
INSERT INTO `resp` values(NULL, ';Socialismo utópico;',';Movimento iluminista;',';Catolicismo reformista;',';Movimento renascentista;',';Protestantismo;',';3;',';232;"');"
INSERT INTO `resp` values(NULL, ';hipertensão e cegueira noturna.;',';diabetes e hipertensão.;',';cegueira noturna e desgastes nas articulações.;',';cegueira noturna e hipertensão.;',';perda de peso acentuada e hipertensão.;',';1;',';233;"');"
INSERT INTO `resp` values(NULL, ';Turn left;',';Turn right;',';On the corner;',';Go straight ahead;',';Go down;',';2;',';234;"');"
INSERT INTO `resp` values(NULL, ';resfriado.;',';a Missão Francesa.;',';uma trupe de saltimbancos.;',';fugitivos da lei.;',';jesuítas.;',';1;',';235;"');"
INSERT INTO `resp` values(NULL, ';escultura.;',';pintura.;',';construção.;',';peça teatral.;',';dança.;',';2;',';236;"');"
INSERT INTO `resp` values(NULL, ';stores’s window;',';window’s store’s;',';windows stores;',';window of the store;',';store of the window;',';3;',';237;"');"
INSERT INTO `resp` values(NULL, ';la legumbre;',';el agua;',';la ave;',';la gran vitoria;',';el gran día;',';2;',';238;"');"
INSERT INTO `resp` values(NULL, ';São Paulo;',';Belo Horizonte;',';Curitiba;',';Rio de Janeiro;',';Salvador;',';3;',';239;"');"
INSERT INTO `resp` values(NULL, ';democracia representativa;',';democracia autoritária;',';democracia participativa;',';democracia direta;',';democracia indireta;',';0;',';240;"');"
INSERT INTO `resp` values(NULL, ';stepson.;',';grandfather.;',';godfather.;',';brother-in-law.;',';sister-in-law.;',';3;',';241;"');"
INSERT INTO `resp` values(NULL, ';eated;',';eaten;',';aten;',';ate;',';ated;',';3;',';242;"');"
INSERT INTO `resp` values(NULL, ';Revolução Francesa;',';Revolução Inglesa;',';Revolução Cubana;',';Revolução Chinesa;',';Revolta da Chibata;',';0;',';243;"');"
INSERT INTO `resp` values(NULL, ';Tese;',';Antítese;',';Síntese;',';Ironia;',';Sensível;',';0;',';244;"');"
INSERT INTO `resp` values(NULL, ';Netuno.;',';Urano.;',';Terra.;',';Marte.;',';Plutão.;',';1;',';245;"');"
INSERT INTO `resp` values(NULL, ';ao parto;',';à morte;',';à gestação;',';à infância;',';ao bebe;',';0;',';246;"');"
INSERT INTO `resp` values(NULL, ';Pintura.;',';Escultura.;',';Gravura.;',';Música.;',';Poesia.;',';2;',';247;"');"
INSERT INTO `resp` values(NULL, ';Reforma Gregoriana;',';Renascimento;',';Ressurgimento Católico;',';Contrarreforma;',';Renascimento Católico;',';3;',';248;"');"
INSERT INTO `resp` values(NULL, ';encontrar a substância química única;',';encontrar a substância natural única;',';encontrar as variadas substâncias naturais;',';encontrar as variadas substâncias químicas;',';encontrar a substância inexistente;',';1;',';249;"');"
INSERT INTO `resp` values(NULL, ';valorizar os deuses antigos;',';introduzir novos deuses;',';valorizar a juventude;',';introduzir novas idades à noção de juventude;',';questionar os sofistas;',';1;',';250;"');"
INSERT INTO `resp` values(NULL, ';monumento militar.;',';monumento astrológico.;',';monumento estético.;',';monumento científico.;',';monumento químico.;',';1;',';251;"');"
INSERT INTO `resp` values(NULL, ';Marie Curie;',';Malala Yousafzai;',';Margaret Heafield;',';Nísia Floresta;',';Valentina Tereshkova;',';3;',';252;"');"
INSERT INTO `resp` values(NULL, ';Heliocêntrica.;',';Empírica.;',';Egocêntrica.;',';Geocêntrica.;',';Mecanocêntrica.;',';0;',';253;"');"
INSERT INTO `resp` values(NULL, ';Bride;',';Godmother;',';Wife;',';Uncle;',';Boyfriend;',';4;',';254;"');"
INSERT INTO `resp` values(NULL, ';Francesco Redi;',';Lazzaro Spallanzani;',';Louis Pauster;',';Jan Baptist van Helmont;',';Thomas Henry Hurley;',';0;',';255;"');"
INSERT INTO `resp` values(NULL, ';pudiera;',';podría;',';pudieran;',';pudiere;',';pudieren;',';2;',';256;"');"
INSERT INTO `resp` values(NULL, ';Escola dos Annales.;',';Escola Filosófica Positiva.;',';Escola Metódica.;',';Escola Socioeconômica.;',';Escola estruturalista.;',';2;',';257;"');"
INSERT INTO `resp` values(NULL, ';René Descartes;',';Francis Bacon;',';John Locke;',';David Hume;',';Friedrich Hegel;',';4;',';258;"');"
INSERT INTO `resp` values(NULL, ';aceleração da reforma agrária;',';reparação de grupos excluídos;',';absorção dos trabalhadores urbanos;',';reconhecimento da diversidade étnica;',';enquadrá-los nas cotas;',';1;',';259;"');"
INSERT INTO `resp` values(NULL, ';Educação e sociologia;',';O capital;',';Manifesto comunista;',';O suicídio;',';Da divisão do trabalho social;',';4;',';260;"');"
INSERT INTO `resp` values(NULL, ';desordem e progresso;',';ordem e retrocesso;',';ordem e progresso;',';retrocesso e progresso;',';desordem e retrocesso;',';2;',';261;"');"
INSERT INTO `resp` values(NULL, ';positivista;',';dialético;',';materialista;',';compreensivo;',';absolutista;',';0;',';262;"');"
INSERT INTO `resp` values(NULL, ';in;',';on;',';at;',';by;',';for;',';0;',';263;"');"
INSERT INTO `resp` values(NULL, ';Estudar sobre toda forma de organização humana, sem se limitar a um modelo específico.;',';Catalogar todos os acontecimentos do passado.;',';Descobrir e organizar todas as formas de comunicação já existentes.;',';Estudar os episódios do passado a partir de uma opinião própria.;',';Estabelecer uma única e imutável verdade perante os fatos históricos.;',';0;',';264;"');"
INSERT INTO `resp` values(NULL, ';Era mais importante do que as divindades;',';Era considerado a própria reencarnação de Hórus;',';Não tinha nenhuma relação com o deus Hórus;',';Era considerado a reencarnação da deusa Ísis;',';Era considerado a reencarnação de Osíris, responsável pelo julgamento;',';1;',';265;"');"
INSERT INTO `resp` values(NULL, ';organização sindical;',';participação partidária;',';manifestação religiosa;',';formação profissional;',';afirmação identitária;',';4;',';266;"');"
INSERT INTO `resp` values(NULL, ';Monarquia Absolutista;',';Governo Socialista;',';Governo Republicano;',';Monarquia Liberal;',';Governos Fascistas;',';2;',';267;"');"
INSERT INTO `resp` values(NULL, ';direitos políticos;',';direitos civis;',';direitos difusos;',';direitos sociais;',';direitos culturais;',';3;',';268;"');"
INSERT INTO `resp` values(NULL, ';Terra entre mares.;',';Terra seca;',';a)    Terra entre rios.;',';Dádiva do Eufrates.;',';Dádiva do Nilo;',';2;',';269;"');"
INSERT INTO `resp` values(NULL, ';Revolução Russa;',';Revolução Chinesa;',';Absolutismo;',';Iluminismo;',';Revolução Cubana;',';3;',';270;"');"
INSERT INTO `resp` values(NULL, ';Revolta dos Malês;',';Revolta da Vacina;',';Revolta da Chibata;',';Guerra de Canudos;',';Revolta dos Cabanos;',';3;',';271;"');"
INSERT INTO `resp` values(NULL, ';genótipo;',';fenótipo;',';cromossomo;',';alelos;',';cariótipo;',';1;',';272;"');"
INSERT INTO `resp` values(NULL, ';Heliocentrismo.;',';Empirismo.;',';Egocentrismo.;',';Geocentrismo.;',';Mecanitrismo.;',';3;',';273;"');"
INSERT INTO `resp` values(NULL, ';Eufrates.;',';Danúbio.;',';Nilo.;',';Tigre.;',';Sena.;',';2;',';274;"');"
INSERT INTO `resp` values(NULL, ';antes da escrita;',';contemporâneos à escrita;',';depois da escrita;',';através da escrita;',';usando elementos da escrita;',';0;',';275;"');"
INSERT INTO `resp` values(NULL, ';senso comum;',';religião;',';filosofia;',';ciência;',';individualismo;',';2;',';276;"');"
INSERT INTO `resp` values(NULL, ';epiderme.;',';periderme.;',';hipoderme.;',';endoderme.;',';derme.;',';2;',';277;"');"
INSERT INTO `resp` values(NULL, ';o povo escocês tentou restabelecer o catolicismo no país.;',';os escoceses buscavam fortalecer a Igreja Anglicana no país.;',';foi uma tentativa de restabelecer o presbiterianismo na Escócia.;',';foi uma tentativa de expulsar os católicos da Irlanda.;',';o conflito gerado não teve relações com a Revolução.;',';2;',';278;"');"
INSERT INTO `resp` values(NULL, ';regulação.;',';conformação.;',';metabolismo.;',';reguladores.;',';mantabolismo.;',';1;',';279;"');"
INSERT INTO `resp` values(NULL, ';more tall than;',';taller than;',';the most tall;',';the tallest;',';tallest;',';3;',';280;"');"
INSERT INTO `resp` values(NULL, ';João Calvino;',';Atanásio de Alexandria;',';Martinho Lutero;',';João Huss;',';Papa João Paulo II;',';2;',';281;"');"
INSERT INTO `resp` values(NULL, ';1945;',';1918;',';1942;',';1929;',';1914;',';1;',';282;"');"
INSERT INTO `resp` values(NULL, ';Espanha;',';Brasil.;',';Colômbia.;',';França.;',';Inglaterra;',';0;',';283;"');"
INSERT INTO `resp` values(NULL, ';Homo habilis;',';Homo erectus;',';Homo sapiens neanderthalensis;',';Homo sapiens sapiens;',';Australopithecus;',';3;',';284;"');"
INSERT INTO `resp` values(NULL, ';hipoderme.;',';epiderme.;',';derme.;',';coriderme.;',';periderme.;',';1;',';285;"');"
INSERT INTO `resp` values(NULL, ';Tales de Mileto e Parmênides de Eléia;',';Tales de Mileto e Pitágoras de Samos;',';Pitágoras de Samos e Parmênides de Eléia;',';Zenão de Eléia e Pitágoras de Samos;',';Zenão de Eléia e Tales de Mileto;',';3;',';286;"');"
INSERT INTO `resp` values(NULL, ';Him;',';Me;',';Her;',';You;',';Them;',';3;',';287;"');"
INSERT INTO `resp` values(NULL, ';Jaime II, seu sobrinho;',';seu irmão, Jaime II;',';Guilherme de Orange;',';Henrique V;',';Margareth I;',';1;',';288;"');"
INSERT INTO `resp` values(NULL, ';inclusive.;',';apesar.;',';portanto.;',';enquanto.;',';porém.;',';2;',';289;"');"
INSERT INTO `resp` values(NULL, ';cold;',';colder than;',';the coldest;',';the cold;',';coldest;',';2;',';290;"');"
INSERT INTO `resp` values(NULL, ';a classe;',';o filo;',';a família;',';o reino;',';a gênero;',';0;',';291;"');"
INSERT INTO `resp` values(NULL, ';Níger;',';Congo;',';Zambeze;',';Orange;',';Nilo;',';4;',';292;"');"
INSERT INTO `resp` values(NULL, ';É um agrossistema que visa, essencialmente, ao aumento da produtividade agrícola e à redução do tempo de produção.;',';Tipo de agricultura caracterizada pelo uso de técnicas rudimentares ou tradicionais na produção.;',';Tipo de agricultura que se originou no sul e sudeste da Ásia, onde há uma enorme produção de arroz em planícies inundáveis, com utilização intensiva de mão de obra.;',';Tipo de agricultura onde o cultivo da terra realizado por pequenos proprietários rurais, tendo, como mão de obra, essencialmente, o núcleo familiar.;',';Sistemas sustentáveis de agricultura que não permitem o uso de produtos químicos sintéticos prejudiciais para a saúde humana e para o meio ambiente, tais como alguns tipos variados de fertilizantes e agrotóxicos sintéticos.;',';4;',';293;"');"
INSERT INTO `resp` values(NULL, ';imaginação;',';fabulação;',';religião;',';razão;',';ciência;',';3;',';294;"');"
INSERT INTO `resp` values(NULL, ';Holanda;',';França;',';Inglaterra;',';Alemanha;',';Portugal;',';2;',';295;"');"
INSERT INTO `resp` values(NULL, ';alimentos variados.;',';diferentes fontes de nutrientes.;',';preferência para o consumo de alimentos in natura.;',';ingestão suficiente de água.;',';exagero na quantidade de comida ingerida.;',';4;',';296;"');"
INSERT INTO `resp` values(NULL, ';more long;',';longer than;',';more long than;',';more longer than;',';long;',';1;',';297;"');"
INSERT INTO `resp` values(NULL, ';Era mais importante do que as divindades.;',';Era considerado a própria reencarnação de Hórus.;',';Não tinha nenhuma relação com o deus Hórus.;',';Era considerado a reencarnação da deusa Ísis.;',';Era considerado a reencarnação de Osíris, responsável pelo julgamento.;',';1;',';298;"');"
INSERT INTO `resp` values(NULL, ';at;',';by;',';across;',';below;',';in front of;',';4;',';299;"');"
INSERT INTO `resp` values(NULL, ';pepsina.;',';amilase.;',';lactase.;',';lipase.;',';maltase.;',';0;',';300;"');"
INSERT INTO `resp` values(NULL, ';Rousseau;',';Voltaire;',';Karl Marx;',';Jean Bodin;',';Adam Smith;',';3;',';301;"');"
INSERT INTO `resp` values(NULL, ';no pâncreas.;',';no estômago.;',';no intestino grosso.;',';na vesícula biliar.;',';no esôfago.;',';3;',';302;"');"
INSERT INTO `resp` values(NULL, ';from;',';with;',';without;',';by;',';to;',';4;',';303;"');"
INSERT INTO `resp` values(NULL, ';vermelha e amarela.;',';verde e vermelha.;',';azul e verde.;',';vermelha e azul.;',';marrom e vermelha.;',';0;',';304;"');"
INSERT INTO `resp` values(NULL, ';permission.;',';ability.;',';request.;',';advice.;',';prohibition.;',';4;',';305;"');"
INSERT INTO `resp` values(NULL, ';Netuno.;',';Mercúrio.;',';Terra.;',';Marte.;',';Plutão.;',';1;',';306;"');"
INSERT INTO `resp` values(NULL, ';o aumento e aceleração da produção;',';distribuição igualitária das riquezas produzidas;',';melhoramentos na qualidade da vida urbana;',';empobrecimento do governo britânico;',';melhorias nas condições de trabalho nas fábricas;',';0;',';307;"');"
INSERT INTO `resp` values(NULL, ';Comer;',';Comprar;',';Bailar;',';Estar;',';Vivir;',';4;',';308;"');"
INSERT INTO `resp` values(NULL, ';despeja grades quantidades de alumínio no ambiente.;',';despeja esgoto sem tratamento no ambiente.;',';despeja organofosforados no ambiente.;',';despeja mercúrio no ambiente.;',';despeja restos de construções no ambiente.;',';1;',';309;"');"
INSERT INTO `resp` values(NULL, ';Venceslau Brás;',';Prudente de Morais;',';Artur Bernardes;',';Washington Luís;',';Deodoro da Fonseca;',';4;',';310;"');"
INSERT INTO `resp` values(NULL, ';Direitos da primeira geração, tais como os direitos civis;',';Direitos da segunda geração, tais como direitos políticos;',';Direitos da terceira geração, como os direitos coletivos;',';Direitos da quarta geração, como os direitos mundiais;',';Direitos da quinta geração, como os direitos humanos;',';2;',';311;"');"
INSERT INTO `resp` values(NULL, ';lactose.;',';maltose.;',';sacarose.;',';glicose.;',';celulose.;',';3;',';312;"');"
INSERT INTO `resp` values(NULL, ';Verbo;',';Adjetivo;',';Sustantivo;',';Adverbio;',';Pronombre;',';3;',';313;"');"
INSERT INTO `resp` values(NULL, ';Gestos.;',';Sinais.;',';Informações.;',';Dinheiro.;',';Coisas.;',';2;',';314;"');"
INSERT INTO `resp` values(NULL, ';Escultor.;',';Jornalista.;',';Fazendeiro.;',';Pintor.;',';Grafiteiro.;',';4;',';315;"');"
INSERT INTO `resp` values(NULL, ';genoma;',';cariótipo;',';genótipo;',';fenótipo;',';cromatina;',';0;',';316;"');"
INSERT INTO `resp` values(NULL, ';inquilinismo, parasitismo, competição e predação.;',';mutualismo, amensalismo, parasitismo e predação.;',';amensalismo, parasitismo, competição e predação.;',';comensalismo, inquilinismo, competição e predação.;',';amensalismo, parasitismo, competição e sociedade.;',';2;',';317;"');"
INSERT INTO `resp` values(NULL, ';mitologia;',';amizade;',';irracionalidade;',';rigor;',';experimentação;',';3;',';318;"');"
INSERT INTO `resp` values(NULL, ';Thomas Hobbes;',';John Locke;',';Montesquieu;',';Jean-Jacques Rousseau;',';John Stuart Mill;',';3;',';319;"');"
INSERT INTO `resp` values(NULL, ';moderna;',';pós-moderna;',';feudal;',';asiática;',';comunista;',';0;',';320;"');"
INSERT INTO `resp` values(NULL, ';Who;',';Whose;',';Whom;',';Where;',';When;',';1;',';321;"');"
INSERT INTO `resp` values(NULL, ';aminoácidos.;',';ácidos graxos.;',';ceras.;',';esteroides.;',';peptídeos.;',';3;',';322;"');"
INSERT INTO `resp` values(NULL, ';epiderme.;',';periderme.;',';mucosa.;',';adiposa.;',';glia.;',';2;',';323;"');"
INSERT INTO `resp` values(NULL, ';o eclipse total da Lua.;',';o eclipse total do Sol.;',';o eclipse parcial do Sol.;',';o eclipse parcial da Lua.;',';o eclipse parcial da Terra.;',';2;',';324;"');"
INSERT INTO `resp` values(NULL, ';Seus olhos são como o fogo.;',';Água mole pedra dura tanto bate até que fura.;',';Perco a piada, mas não perco a ferroada.;',';Amigos, amigos, negócios à parte.;',';Quem não é visto, não é lembrado.;',';2;',';325;"');"
INSERT INTO `resp` values(NULL, ';o epíteto;',';o filo;',';a família;',';o reino;',';o gênero;',';1;',';326;"');"
INSERT INTO `resp` values(NULL, ';Along;',';Across from;',';Around;',';Far;',';Near;',';2;',';327;"');"
INSERT INTO `resp` values(NULL, ';positiva;',';imparcial;',';negativa;',';saudável;',';indeterminada;',';2;',';328;"');"
INSERT INTO `resp` values(NULL, ';o parlamentarismo;',';o presidencialismo;',';o semi-presidencialismo;',';a aristocracia;',';a monarquia absolutista;',';4;',';329;"');"
INSERT INTO `resp` values(NULL, ';Membros da nobreza italiana.;',';Mecenas dos artistas.;',';Dramaturgos famosos.;',';Personagens da commedia dell’arte.;',';Integrantes de uma trupe.;',';3;',';330;"');"
INSERT INTO `resp` values(NULL, ';Modo de produção;',';Socialismo;',';Fato social;',';Ação Social;',';Ideologia;',';0;',';331;"');"
INSERT INTO `resp` values(NULL, ';cálcio.;',';enxofre.;',';iodo.;',';fósforo.;',';flúor.;',';2;',';332;"');"
INSERT INTO `resp` values(NULL, ';as bad than;',';bad than;',';badder than;',';the worse;',';as bad as;',';4;',';333;"');"
INSERT INTO `resp` values(NULL, ';as low as;',';lower as;',';not as lower as;',';as lower as;',';lower so;',';0;',';334;"');"
INSERT INTO `resp` values(NULL, ';aparecieron;',';haz;',';ponga;',';podría;',';han sido;',';0;',';335;"');"
INSERT INTO `resp` values(NULL, ';Max Weber;',';Émile Durkheim;',';Friedrich Engels;',';Friedrich Hegel;',';Friedrich Nietzsche;',';2;',';336;"');"
INSERT INTO `resp` values(NULL, ';my;',';ours;',';hers;',';mine;',';theirs;',';0;',';337;"');"
INSERT INTO `resp` values(NULL, ';pronombre relativo;',';adverbio;',';sustantivo;',';verbo;',';adjetivo;',';2;',';338;"');"
INSERT INTO `resp` values(NULL, ';vitória e enriquecimento da Alemanha;',';derrota e esfacelamento da economia alemã;',';derrota da Inglaterra e empobrecimento de sua sociedade;',';surgimento do fascismo na França;',';ocorrência da Revolução Bolchevique na Turquia;',';1;',';339;"');"
INSERT INTO `resp` values(NULL, ';Divisão do trabalho;',';Divisão entre sexos;',';Divisão entre gerações;',';Divisão entre guerreiros;',';Divisão religiosa;',';0;',';340;"');"
INSERT INTO `resp` values(NULL, ';Elizabeth I;',';Jaime I;',';Carlos II;',';Carlos I;',';Henrique VIII;',';2;',';341;"');"
INSERT INTO `resp` values(NULL, ';A guerra ocorreu predominantemente em território asiático.;',';Os EUA participaram em apoio aos países da Tríplice Entente.;',';A Alemanha entrou na guerra em apoio à Áustria-Hungria.;',';A Itália mudou de lado no decorrer da guerra.;',';Portugal e Espanha se mantiveram neutros.;',';0;',';342;"');"
INSERT INTO `resp` values(NULL, ';Com eucalipto.;',';Com carvalho.;',';Com papiro.;',';Com ipê.;',';Com reciclagem.;',';2;',';343;"');"
INSERT INTO `resp` values(NULL, ';alcanzar;',';cansancio;',';estudiantes;',';puentes;',';orígenes;',';2;',';344;"');"
INSERT INTO `resp` values(NULL, ';Instituições.;',';Ordens.;',';Decretos.;',';Leis.;',';Mandamentos.;',';0;',';345;"');"
INSERT INTO `resp` values(NULL, ';on;',';at;',';from;',';to;',';in;',';4;',';346;"');"
INSERT INTO `resp` values(NULL, ';Between;',';Near;',';Under;',';In;',';On;',';2;',';347;"');"
INSERT INTO `resp` values(NULL, ';I;',';He;',';She;',';They;',';You;',';3;',';348;"');"
INSERT INTO `resp` values(NULL, ';depois;',';já;',';enquanto;',';antes;',';ainda;',';2;',';349;"');"
INSERT INTO `resp` values(NULL, ';Idealista;',';Materialista;',';Existencialista;',';Racionalista;',';Empirista;',';1;',';350;"');"
INSERT INTO `resp` values(NULL, ';epiderme.;',';mesoderme.;',';periderme.;',';ectoderme.;',';endoderme.;',';4;',';351;"');"
INSERT INTO `resp` values(NULL, ';Socialismo científico;',';Idealismo hegeliano;',';Materialismo dialético;',';Existencialismo;',';Comunismo;',';1;',';352;"');"
INSERT INTO `resp` values(NULL, ';at;',';in;',';on;',';until;',';under;',';0;',';353;"');"
INSERT INTO `resp` values(NULL, ';James Cameron.;',';Steven Spielberg.;',';Quentin Tarantino.;',';Lucien Freud.;',';Fernando Meireles.;',';0;',';354;"');"
INSERT INTO `resp` values(NULL, ';movimento republicano;',';movimento socialista;',';movimento trabalhista;',';movimento feminista;',';movimento sindical;',';0;',';355;"');"
INSERT INTO `resp` values(NULL, ';expensiver than;',';more expensive than;',';the expensivest;',';the most expensive;',';expensive;',';3;',';356;"');"
INSERT INTO `resp` values(NULL, ';Grandma’s cookie’s;',';Grandmas’ cookies’;',';Grandma’s cookie;',';Grandma’s cookies;',';Grandma cookies’;',';3;',';357;"');"
INSERT INTO `resp` values(NULL, ';talked.;',';walked.;',';studied.;',';started.;',';visited.;',';2;',';358;"');"
INSERT INTO `resp` values(NULL, ';porque;',';contudo;',';ao invés de;',';portanto;',';porém;',';2;',';359;"');"
INSERT INTO `resp` values(NULL, ';O Sol está parado em relação à Terra.;',';É possível que um móvel esteja em movimento em relação a um referencial e em repouso em relação a outro.;',';Se um móvel está em movimento em relação ao solo, o solo estará em movimento em relação ao móvel.;',';Se um corpo A está em repouso em relação a outro corpo B, então o corpo B estará também em repouso em relação ao corpo A.;',';É possível um corpo A estar em movimento em relação a dois outros corpos B e C, e B estar em repouso em relação a C.;',';0;',';360;"');"
INSERT INTO `resp` values(NULL, ';less optimistic than;',';less optimistic;',';as optimistic than;',';less optimistic so;',';not so optimistic;',';0;',';361;"');"
INSERT INTO `resp` values(NULL, ';apoiar Martinho Lutero e os outros reformadores;',';organizar uma cruzada contra os muçulmanos;',';resgatar os judeus à fé católica;',';conter o avanço do budismo;',';combater o avanço da Reforma Protestante;',';4;',';362;"');"
INSERT INTO `resp` values(NULL, ';carbônico;',';nitrogênio;',';metano;',';hélio;',';oxigênio;',';4;',';363;"');"
